<?xml version="1.0" encoding="UTF-8"?>
<beans xmlns="http://www.springframework.org/schema/beans"
	xmlns:xsi="http://www.w3.org/2001/XMLSchema-instance"
	xmlns:context="http://www.springframework.org/schema/context"
	xsi:schemaLocation="http://www.springframework.org/schema/beans http://www.springframework.org/schema/beans/spring-beans.xsd
		http://www.springframework.org/schema/context http://www.springframework.org/schema/context/spring-context-4.3.xsd">

<!-- <context:component-scan base-package="com.itbank.project"></context:component-scan> -->

<bean id="myBatis" class="org.mybatis.spring.SqlSessionTemplate">
	<constructor-arg ref="myConfig"></constructor-arg>
</bean>

<bean id ="myConfig" class="org.mybatis.spring.SqlSessionFactoryBean">
	<property name="configLocation" value="classpath:mybatis-config.xml"></property>
	<property name="dataSource" ref="dbcp"></property>
</bean>

<bean id ="dbcp" class="org.apache.commons.dbcp.BasicDataSource">
	<property name="driverClassName" value="${jdbc.driver}"></property>
	<property name="url" value="${jdbc.url}"></property>
	<property name="username" value="${jdbc.user}"></property>
	<property name="password" value="${jdbc.pw}"></property>
</bean>

</beans>
